{"cameraMode":{"drawMode":0,"name":"Shaded","section":"Shading Mode"},"sceneLighting":true,"audioPlay":false,"sceneViewState":{"m_AlwaysRefresh":false,"showFog":true,"showSkybox":true,"showFlares":true,"showImageEffects":true,"showParticleSystems":true,"showVisualEffectGraphs":true,"m_FxEnabled":true},"in2DMode":false,"pivot":{"x":149.17369079589845,"y":-162.99452209472657,"z":1.0892246961593629},"rotation":{"x":0.2679024338722229,"y":0.6464191675186157,"z":-0.2602959871292114,"w":0.6653069853782654},"size":155.26998901367188,"orthographic":false}